<?xml version="1.0" encoding="UTF-8"?>
<project-private xmlns="http://www.netbeans.org/ns/project-private/1">
    <editor-bookmarks xmlns="http://www.netbeans.org/ns/editor-bookmarks/2" lastBookmarkId="0"/>
    <open-files xmlns="http://www.netbeans.org/ns/projectui-open-files/2">
        <group>
            <file>file:/C:/Users/josep/OneDrive/Documentos/exercicios_programacao/ServidorSocket_exercicio4/src/servidorsocket_exercicio4/ControladorVoo.java</file>
            <file>file:/C:/Users/josep/OneDrive/Documentos/exercicios_programacao/ServidorSocket_exercicio4/src/servidorsocket_exercicio4/Assento.java</file>
            <file>file:/C:/Users/josep/OneDrive/Documentos/exercicios_programacao/ServidorSocket_exercicio4/src/servidorsocket_exercicio4/ServidorSocket.java</file>
            <file>file:/C:/Users/josep/OneDrive/Documentos/exercicios_programacao/ServidorSocket_exercicio4/src/servidorsocket_exercicio4/Main.java</file>
            <file>file:/C:/Users/josep/OneDrive/Documentos/exercicios_programacao/ServidorSocket_exercicio4/src/servidorsocket_exercicio4/Voo.java</file>
        </group>
    </open-files>
</project-private>
